Word,Part of Speech,Simple English Definition,Citizenship Definition,Chinese,Pinyin,Spanish,Example Sentence,Question Number,Audio File,Approved
amendment,n.,a change or addition to a law or document,A formal change added to the U.S. Constitution,修正案,xiū zhèng àn,enmienda,"In civics class, we learned the word 'amendment' for question 5.",5,,No
Constitution,n.,the basic written plan for a government,The highest law that creates and limits the U.S. government,宪法,xiàn fǎ,Constitución,"In civics class, we learned the word 'Constitution' for question 2.",2,,No
branch,n.,one main part of something larger,"One of the three parts of government: legislative, executive, or judicial",部门,bù mén,rama,"In civics class, we learned the word 'branch' for question 13.",13,,No
representative,n.,a person chosen to speak or act for others,A House member elected by people in a district,代表,dài biǎo,representante,"In civics class, we learned the word 'representative' for question 22.",22,,No
senator,n.,an elected member of a senate,A member of the U.S. Senate elected by a state,参议员,cān yì yuán,senador,"In civics class, we learned the word 'senator' for question 18.",18,,No
governor,n.,the elected leader of a state,The chief executive of a U.S. state,州长,zhōu zhǎng,gobernador,"In civics class, we learned the word 'governor' for question 43.",43,,No
citizen,n.,a legal member of a country,A person with rights and responsibilities in the United States,公民,gōng mín,ciudadano,"In civics class, we learned the word 'citizen' for question 57.",57,,No
freedom,n.,"the power to act, speak, or believe without unfair control","A protected right in U.S. democracy, such as speech or religion",自由,zì yóu,libertad,"In civics class, we learned the word 'freedom' for question 6.",6,,No
allegiance,n.,loyalty to a country or leader,Loyalty promised to the United States in the Oath,效忠,xiào zhōng,lealtad,"In civics class, we learned the word 'allegiance' for question 53.",53,,No
territory,n.,land controlled by a country,A U.S.-controlled area that is not a state,领土,lǐng tǔ,territorio,"In civics class, we learned the word 'territory' for question 23.",23,,No
republic,n.,a country where people elect leaders,The U.S. form of government with elected representatives,共和国,gòng hé guó,república,"In civics class, we learned the word 'republic' for question 1.",1,,No
supreme,adj.,highest or most important,Describes the Constitution as the highest law,最高的,zuì gāo de,supremo,"In civics class, we learned the word 'supreme' for question 2.",2,,No
law,n.,an official rule,Rules made by government that everyone must follow,法律,fǎ lǜ,ley,"In civics class, we learned the word 'law' for question 2.",2,,No
government,n.,the system that leads and makes rules for a country,"The institutions that make, enforce, and interpret laws",政府,zhèng fǔ,gobierno,"In civics class, we learned the word 'government' for question 3.",3,,No
self-government,n.,people rule themselves,The idea that U.S. power comes from the people,自治,zì zhì,autogobierno,"In civics class, we learned the word 'self-government' for question 4.",4,,No
Bill of Rights,n.,the first ten amendments,The first ten amendments that protect basic rights,权利法案,quán lì fǎ àn,Carta de Derechos,"In civics class, we learned the word 'Bill of Rights' for question 6.",6,,No
rights,n.,legal or moral freedoms people have,Protections the government must respect,权利,quán lì,derechos,"In civics class, we learned the word 'rights' for question 6.",6,,No
protect,v.,to keep safe,What the Bill of Rights does for people’s freedoms,保护,bǎo hù,proteger,"In civics class, we learned the word 'protect' for question 6.",6,,No
religion,n.,belief and worship about God or gods,A First Amendment freedom people may practice or not practice,宗教,zōng jiào,religión,"In civics class, we learned the word 'religion' for question 12.",12,,No
speech,n.,spoken words; expression,A First Amendment freedom to express ideas,言论,yán lùn,expresión,"In civics class, we learned the word 'speech' for question 6.",6,,No
press,n.,news organizations and publishing,"A First Amendment freedom for newspapers, media, and publishing",新闻出版,xīn wén chū bǎn,prensa,"In civics class, we learned the word 'press' for question 6.",6,,No
assembly,n.,a meeting of people,A First Amendment right to gather peacefully,集会,jí huì,asamblea,"In civics class, we learned the word 'assembly' for question 6.",6,,No
petition,v.,to formally ask government for change,A First Amendment right to ask government to fix problems,请愿,qǐng yuàn,peticionar,"In civics class, we learned the word 'petition' for question 6.",6,,No
Declaration of Independence,n.,the document that announced separation from Britain,The 1776 document saying the colonies were free and independent,独立宣言,dú lì xuān yán,Declaración de Independencia,"In civics class, we learned the word 'Declaration of Independence' for question 8.",8,,No
independence,n.,freedom from another country’s control,The colonies’ separation from Great Britain,独立,dú lì,independencia,"In civics class, we learned the word 'independence' for question 8.",8,,No
liberty,n.,freedom,A natural right named in the Declaration of Independence,自由,zì yóu,libertad,"In civics class, we learned the word 'liberty' for question 9.",9,,No
pursuit,n.,the act of trying to get something,"Part of “pursuit of happiness,” a right named in the Declaration",追求,zhuī qiú,búsqueda,"In civics class, we learned the word 'pursuit' for question 9.",9,,No
happiness,n.,well-being and satisfaction,A right people may seek under the Declaration’s ideals,幸福,xìng fú,felicidad,"In civics class, we learned the word 'happiness' for question 9.",9,,No
economic,adj.,"about money, business, and jobs",Describes the U.S. market or capitalist system,经济的,jīng jì de,económico,"In civics class, we learned the word 'economic' for question 11.",11,,No
capitalist economy,n.,an economy with private business ownership,An accepted answer for the U.S. economic system,资本主义经济,zī běn zhǔ yì jīng jì,economía capitalista,"In civics class, we learned the word 'capitalist economy' for question 11.",11,,No
market economy,n.,an economy where buyers and sellers help set prices,An accepted answer for the U.S. economic system,市场经济,shì chǎng jīng jì,economía de mercado,"In civics class, we learned the word 'market economy' for question 11.",11,,No
rule of law,n.,the idea that everyone must obey the law,A principle that leaders and citizens are not above the law,法治,fǎ zhì,estado de derecho,"In civics class, we learned the word 'rule of law' for question 12.",12,,No
obey,v.,to follow a rule or order,"What everyone, including leaders, must do with laws",遵守,zūn shǒu,obedecer,"In civics class, we learned the word 'obey' for question 12.",12,,No
above the law,phrase,not required to follow laws,The rule of law says no one has this special status,凌驾于法律之上,líng jià yú fǎ lǜ zhī shàng,por encima de la ley,"In civics class, we learned the word 'above the law' for question 12.",12,,No
checks and balances,n.,ways parts of government limit each other,A system that stops one branch from becoming too powerful,制衡,zhì héng,pesos y contrapesos,"In civics class, we learned the word 'checks and balances' for question 14.",14,,No
separation of powers,n.,dividing government power into parts,"Power is divided among legislative, executive, and judicial branches",权力分立,quán lì fēn lì,separación de poderes,"In civics class, we learned the word 'separation of powers' for question 14.",14,,No
powerful,adj.,having much control or authority,A branch can become too strong without checks and balances,强大的,qiáng dà de,poderoso,"In civics class, we learned the word 'powerful' for question 14.",14,,No
executive,adj./n.,about carrying out laws,The branch led by the President that enforces laws,行政,xíng zhèng,ejecutivo,"In civics class, we learned the word 'executive' for question 15.",15,,No
legislative,adj.,about making laws,"The branch, Congress, that makes federal laws",立法,lì fǎ,legislativo,"In civics class, we learned the word 'legislative' for question 16.",16,,No
judicial,adj.,about courts and judges,The branch that interprets laws and the Constitution,司法,sī fǎ,judicial,"In civics class, we learned the word 'judicial' for question 37.",37,,No
Congress,n.,the national lawmaking body,The Senate and House of Representatives together,国会,guó huì,Congreso,"In civics class, we learned the word 'Congress' for question 16.",16,,No
Senate,n.,one part of Congress,The chamber with two senators from each state,参议院,cān yì yuàn,Senado,"In civics class, we learned the word 'Senate' for question 17.",17,,No
House of Representatives,n.,one part of Congress,The chamber based on state population and districts,众议院,zhòng yì yuàn,Cámara de Representantes,"In civics class, we learned the word 'House of Representatives' for question 17.",17,,No
federal,adj.,about the national government,Laws or offices of the U.S. national government,联邦的,lián bāng de,federal,"In civics class, we learned the word 'federal' for question 16.",16,,No
national,adj.,about the whole country,"Describes the U.S. government, laws, or anthem",国家的,guó jiā de,nacional,"In civics class, we learned the word 'national' for question 16.",16,,No
legislature,n.,a group that makes laws,Congress is the national legislature,立法机关,lì fǎ jī guān,legislatura,"In civics class, we learned the word 'legislature' for question 16.",16,,No
elect,v.,to choose by voting,"Citizens elect presidents, senators, and representatives",选举,xuǎn jǔ,elegir,"In civics class, we learned the word 'elect' for question 19.",19,,No
voting members,n.,officials who can vote in a lawmaking body,The House has 435 voting members,有投票权成员,yǒu tóu piào quán chéng yuán,miembros con voto,"In civics class, we learned the word 'voting members' for question 21.",21,,No
population,n.,the number of people living in a place,A reason some states have more representatives,人口,rén kǒu,población,"In civics class, we learned the word 'population' for question 25.",25,,No
state,n.,one political unit in the United States,One of the 50 parts of the United States with its own government,州,zhōu,estado,"In civics class, we learned the word 'state' for question 24.",24,,No
district,n.,an area represented by an elected official,A House member represents people in a congressional district,选区,xuǎn qū,distrito,"In civics class, we learned the word 'district' for question 23.",23,,No
nonvoting,adj.,not allowed to vote officially,Some territorial delegates in Congress are nonvoting,无投票权的,wú tóu piào quán de,sin voto,"In civics class, we learned the word 'nonvoting' for question 23.",23,,No
delegate,n.,a person chosen to represent others,Some territories have delegates in Congress,代表,dài biǎo,delegado,"In civics class, we learned the word 'delegate' for question 23.",23,,No
commissioner,n.,an official with a specific public role,Puerto Rico has a resident commissioner in Congress,专员,zhuān yuán,comisionado,"In civics class, we learned the word 'commissioner' for question 23.",23,,No
President,n.,the elected head of the U.S. executive branch,The chief executive of the United States,总统,zǒng tǒng,presidente,"In civics class, we learned the word 'President' for question 26.",26,,No
Vice President,n.,the official next in line after the President,The person who becomes President if the President cannot serve,副总统,fù zǒng tǒng,vicepresidente,"In civics class, we learned the word 'Vice President' for question 29.",29,,No
serve,v.,to work in an official role,How long elected officials hold office,任职,rèn zhí,servir,"In civics class, we learned the word 'serve' for question 19.",19,,No
term,n.,a fixed time in office,Senators serve six-year terms; presidents serve four-year terms,任期,rèn qī,mandato,"In civics class, we learned the word 'term' for question 19.",19,,No
Commander in Chief,n.,top leader of the military,The President’s role over the U.S. armed forces,总司令,zǒng sī lìng,comandante en jefe,"In civics class, we learned the word 'Commander in Chief' for question 32.",32,,No
military,n./adj.,armed forces or related to them,The President is Commander in Chief of the military,军队,jūn duì,militar,"In civics class, we learned the word 'military' for question 32.",32,,No
armed forces,n.,a country’s military services,"The Army, Navy, Air Force, Marines, Coast Guard, and Space Force",武装部队,wǔ zhuāng bù duì,fuerzas armadas,"In civics class, we learned the word 'armed forces' for question 32.",32,,No
sign,v.,to write a name to approve officially,The President signs bills to make them laws,签署,qiān shǔ,firmar,"In civics class, we learned the word 'sign' for question 33.",33,,No
bill,n.,a proposed law,Congress passes bills and the President may sign or veto them,法案,fǎ àn,proyecto de ley,"In civics class, we learned the word 'bill' for question 33.",33,,No
veto,v.,to reject a proposed law,A power of the President to stop a bill from becoming law,否决,fǒu jué,vetar,"In civics class, we learned the word 'veto' for question 34.",34,,No
Cabinet,n.,top advisers to the President,Leaders of executive departments who advise the President,内阁,nèi gé,gabinete,"In civics class, we learned the word 'Cabinet' for question 35.",35,,No
advises,v.,gives suggestions or expert help,The Cabinet advises the President,建议,jiàn yì,asesora,"In civics class, we learned the word 'advises' for question 35.",35,,No
Secretary,n.,a high-level department leader,Many Cabinet positions are called Secretary of a department,部长,bù zhǎng,secretario,"In civics class, we learned the word 'Secretary' for question 36.",36,,No
Attorney General,n.,the top federal legal officer,The Cabinet official leading the Department of Justice,司法部长,sī fǎ bù zhǎng,fiscal general,"In civics class, we learned the word 'Attorney General' for question 36.",36,,No
department,n.,a large part of government with a job,"Cabinet-level offices such as Defense, State, or Education",部门,bù mén,departamento,"In civics class, we learned the word 'department' for question 36.",36,,No
Supreme Court,n.,the highest court in the United States,The top court of the judicial branch,最高法院,zuì gāo fǎ yuàn,Corte Suprema,"In civics class, we learned the word 'Supreme Court' for question 37.",37,,No
court,n.,a place or body where judges decide legal cases,Federal courts interpret laws and the Constitution,法院,fǎ yuàn,tribunal,"In civics class, we learned the word 'court' for question 37.",37,,No
justice,n.,a judge on the Supreme Court; fairness under law,A member of the U.S. Supreme Court,大法官,dà fǎ guān,juez/magistrado,"In civics class, we learned the word 'justice' for question 38.",38,,No
Chief Justice,n.,the leading justice of the Supreme Court,The head of the U.S. Supreme Court,首席大法官,shǒu xí dà fǎ guān,presidente de la Corte Suprema,"In civics class, we learned the word 'Chief Justice' for question 39.",39,,No
interpret,v.,to explain the meaning,The Supreme Court interprets laws and the Constitution,解释,jiě shì,interpretar,"In civics class, we learned the word 'interpret' for question 40.",40,,No
review,v.,to examine carefully,Judicial review lets courts examine laws and actions,审查,shěn chá,revisar,"In civics class, we learned the word 'review' for question 40.",40,,No
unconstitutional,adj.,not allowed by the Constitution,Courts may decide a law violates the Constitution,违宪的,wéi xiàn de,inconstitucional,"In civics class, we learned the word 'unconstitutional' for question 40.",40,,No
establish,v.,to create or set up,The Constitution establishes the government,建立,jiàn lì,establecer,"In civics class, we learned the word 'establish' for question 3.",3,,No
foreign,adj.,about other countries,Foreign policy concerns U.S. relations with other nations,外国的,wài guó de,extranjero,"In civics class, we learned the word 'foreign' for question 31.",31,,No
policy,n.,a plan or rules for action,"Government policy guides decisions, such as foreign policy",政策,zhèng cè,política,"In civics class, we learned the word 'policy' for question 31.",31,,No
treaty,n.,a formal agreement between countries,The President makes treaties with Senate approval,条约,tiáo yuē,tratado,"In civics class, we learned the word 'treaty' for question 31.",31,,No
ambassador,n.,an official representative to another country,The President appoints ambassadors,大使,dà shǐ,embajador,"In civics class, we learned the word 'ambassador' for question 31.",31,,No
appoint,v.,to choose someone for a job,The President appoints judges and Cabinet members,任命,rèn mìng,nombrar,"In civics class, we learned the word 'appoint' for question 31.",31,,No
approve,v.,to officially accept,The Senate approves treaties and appointments,批准,pī zhǔn,aprobar,"In civics class, we learned the word 'approve' for question 31.",31,,No
appointment,n.,the act of choosing someone for office,Senate approval is needed for many presidential appointments,任命,rèn mìng,nombramiento,"In civics class, we learned the word 'appointment' for question 31.",31,,No
Department of State,n.,agency for foreign relations,A Cabinet department led by the Secretary of State,国务院,guó wù yuàn,Departamento de Estado,"In civics class, we learned the word 'Department of State' for question 36.",36,,No
Department of Defense,n.,agency for national defense,A Cabinet department responsible for the military,国防部,guó fáng bù,Departamento de Defensa,"In civics class, we learned the word 'Department of Defense' for question 36.",36,,No
Department of Education,n.,agency for education policy,A Cabinet department related to schools and education,教育部,jiào yù bù,Departamento de Educación,"In civics class, we learned the word 'Department of Education' for question 36.",36,,No
Department of Homeland Security,n.,agency for safety inside the country,"A Cabinet department for immigration, borders, and security",国土安全部,guó tǔ ān quán bù,Departamento de Seguridad Nacional,"In civics class, we learned the word 'Department of Homeland Security' for question 36.",36,,No
Secretary of State,n.,leader of the State Department,The Cabinet official for foreign affairs,国务卿,guó wù qīng,secretario de Estado,"In civics class, we learned the word 'Secretary of State' for question 36.",36,,No
Secretary of Defense,n.,leader of the Defense Department,The Cabinet official responsible for defense and military matters,国防部长,guó fáng bù zhǎng,secretario de Defensa,"In civics class, we learned the word 'Secretary of Defense' for question 36.",36,,No
Secretary of Education,n.,leader of the Education Department,A Cabinet official for federal education matters,教育部长,jiào yù bù zhǎng,secretario de Educación,"In civics class, we learned the word 'Secretary of Education' for question 36.",36,,No
Homeland Security,n.,protection of the country within its borders,A Cabinet department and national security area,国土安全,guó tǔ ān quán,seguridad nacional interna,"In civics class, we learned the word 'Homeland Security' for question 36.",36,,No
state government,n.,government of one U.S. state,The level that has governors and state legislatures,州政府,zhōu zhèng fǔ,gobierno estatal,"In civics class, we learned the word 'state government' for question 41.",41,,No
local government,n.,"city, county, or town government",Government closest to a community,地方政府,dì fāng zhèng fǔ,gobierno local,"In civics class, we learned the word 'local government' for question 41.",41,,No
capital,n.,the city where government is located,"Washington, D.C. is the U.S. capital; states also have capitals",首都/州府,shǒu dū / zhōu fǔ,capital,"In civics class, we learned the word 'capital' for question 44.",44,,No
"Washington, D.C.",n.,the capital city of the United States,"The national capital, not a state",华盛顿特区,huá shèng dùn tè qū,"Washington, D.C.","In civics class, we learned the word 'Washington, D.C.' for question 44.",44,,No
Democratic Party,n.,one major U.S. political party,One of the two major political parties in the United States,民主党,mín zhǔ dǎng,Partido Demócrata,"In civics class, we learned the word 'Democratic Party' for question 45.",45,,No
Republican Party,n.,one major U.S. political party,One of the two major political parties in the United States,共和党,gòng hé dǎng,Partido Republicano,"In civics class, we learned the word 'Republican Party' for question 45.",45,,No
political party,n.,a group organized to win elections and govern,Democrats and Republicans are major U.S. political parties,政党,zhèng dǎng,partido político,"In civics class, we learned the word 'political party' for question 45.",45,,No
major,adj.,large or important,Describes the main political parties or events,主要的,zhǔ yào de,principal,"In civics class, we learned the word 'major' for question 45.",45,,No
Speaker of the House,n.,leader of the House of Representatives,The House leader who is also in the presidential line of succession,众议院议长,zhòng yì yuàn yì zhǎng,presidente de la Cámara,"In civics class, we learned the word 'Speaker of the House' for question 47.",47,,No
line of succession,n.,order of who takes office next,The order for replacing the President if needed,继任顺序,jì rèn shùn xù,línea de sucesión,"In civics class, we learned the word 'line of succession' for question 47.",47,,No
incapable,adj.,not able to do something,"If the President is incapable, another official may serve",不能胜任的,bù néng shèng rèn de,incapaz,"In civics class, we learned the word 'incapable' for question 47.",47,,No
naturalization,n.,the process of becoming a citizen,The legal process immigrants use to become U.S. citizens,入籍,rù jí,naturalización,"In civics class, we learned the word 'naturalization' for question 48.",48,,No
Oath of Allegiance,n.,a formal promise of loyalty,The promise taken at the naturalization ceremony,效忠宣誓,xiào zhōng xuān shì,Juramento de Lealtad,"In civics class, we learned the word 'Oath of Allegiance' for question 53.",53,,No
promise,v./n.,to say you will surely do something,Applicants promise loyalty and duties in the Oath,承诺,chéng nuò,prometer/promesa,"In civics class, we learned the word 'promise' for question 53.",53,,No
loyalty,n.,faithful support,A key idea in allegiance to the United States,忠诚,zhōng chéng,lealtad,"In civics class, we learned the word 'loyalty' for question 53.",53,,No
renounce,v.,to formally give up,"In the Oath, applicants give up loyalty to other governments",放弃,fàng qì,renunciar,"In civics class, we learned the word 'renounce' for question 53.",53,,No
bear arms,v. phrase,to carry or use weapons in service,A possible duty in the Oath when required by law,服兵役,fú bīng yì,tomar las armas,"In civics class, we learned the word 'bear arms' for question 53.",53,,No
noncombatant,adj.,not fighting with weapons,A possible military-related service without combat,非战斗的,fēi zhàn dòu de,no combatiente,"In civics class, we learned the word 'noncombatant' for question 53.",53,,No
service,n.,work done to help a country or community,Citizens may perform military or civilian service when required,服务,fú wù,servicio,"In civics class, we learned the word 'service' for question 53.",53,,No
required,adj.,must be done,Some duties are required by law,必需的,bì xū de,requerido,"In civics class, we learned the word 'required' for question 53.",53,,No
civic,adj.,about citizenship and public life,Civic responsibilities include voting and serving on a jury,公民的,gōng mín de,cívico,"In civics class, we learned the word 'civic' for question 55.",55,,No
responsibility,n.,a duty or job you should do,Citizens have responsibilities such as voting and obeying laws,责任,zé rèn,responsabilidad,"In civics class, we learned the word 'responsibility' for question 55.",55,,No
jury,n.,a group of people who decide facts in a trial,Citizens may be called to serve on a jury,陪审团,péi shěn tuán,jurado,"In civics class, we learned the word 'jury' for question 55.",55,,No
serve on a jury,v. phrase,to work as a juror in court,A responsibility of U.S. citizenship,担任陪审员,dān rèn péi shěn yuán,servir en un jurado,"In civics class, we learned the word 'serve on a jury' for question 55.",55,,No
vote,v./n.,to choose in an election,A right and responsibility of citizens,投票,tóu piào,votar/voto,"In civics class, we learned the word 'vote' for question 55.",55,,No
election,n.,a process where people vote to choose leaders,Citizens vote in elections for public officials,选举,xuǎn jǔ,elección,"In civics class, we learned the word 'election' for question 55.",55,,No
federal election,n.,an election for national offices,Only U.S. citizens can vote in federal elections,联邦选举,lián bāng xuǎn jǔ,elección federal,"In civics class, we learned the word 'federal election' for question 57.",57,,No
run for office,v. phrase,to be a candidate for an elected job,Only citizens can run for federal office,竞选公职,jìng xuǎn gōng zhí,postularse a un cargo,"In civics class, we learned the word 'run for office' for question 57.",57,,No
candidate,n.,a person trying to be elected,A person running for public office,候选人,hòu xuǎn rén,candidato,"In civics class, we learned the word 'candidate' for question 57.",57,,No
public office,n.,an elected or appointed government job,"A government position such as mayor, governor, or senator",公职,gōng zhí,cargo público,"In civics class, we learned the word 'public office' for question 57.",57,,No
passport,n.,an official travel document,U.S. citizens can apply for a U.S. passport,护照,hù zhào,pasaporte,"In civics class, we learned the word 'passport' for question 57.",57,,No
apply,v.,to formally ask for something,People apply for naturalization or a passport,申请,shēn qǐng,solicitar,"In civics class, we learned the word 'apply' for question 57.",57,,No
benefit,n.,an advantage or help,Citizens receive benefits and protections of citizenship,福利/好处,fú lì / hǎo chù,beneficio,"In civics class, we learned the word 'benefit' for question 57.",57,,No
freedom of expression,n.,right to share ideas,One right of everyone living in the United States,表达自由,biǎo dá zì yóu,libertad de expresión,"In civics class, we learned the word 'freedom of expression' for question 59.",59,,No
freedom of worship,n.,right to practice religion,One right of everyone living in the United States,信仰自由,xìn yǎng zì yóu,libertad de culto,"In civics class, we learned the word 'freedom of worship' for question 59.",59,,No
right to bear arms,n.,right to own/carry weapons under law,A right protected by the Second Amendment,持有武器权,chí yǒu wǔ qì quán,derecho a portar armas,"In civics class, we learned the word 'right to bear arms' for question 59.",59,,No
due process,n.,fair legal procedures,"A constitutional protection before government takes life, liberty, or property",正当程序,zhèng dàng chéng xù,debido proceso,"In civics class, we learned the word 'due process' for question 59.",59,,No
equal protection,n.,same legal protection for people,A constitutional promise that laws protect people equally,平等保护,píng děng bǎo hù,protección igualitaria,"In civics class, we learned the word 'equal protection' for question 59.",59,,No
resident,n.,a person who lives in a place,A lawful permanent resident may apply for naturalization,居民,jū mín,residente,"In civics class, we learned the word 'resident' for question 20.",20,,No
permanent resident,n.,a noncitizen allowed to live in the U.S. long-term,A green card holder who may qualify for naturalization,永久居民,yǒng jiǔ jū mín,residente permanente,"In civics class, we learned the word 'permanent resident' for question 48.",48,,No
selective service,n.,system for possible military draft registration,Men of certain ages must register with Selective Service,兵役登记制度,bīng yì dēng jì zhì dù,servicio selectivo,"In civics class, we learned the word 'selective service' for question 55.",55,,No
register,v.,to officially sign up,Men may need to register for Selective Service,登记,dēng jì,registrarse,"In civics class, we learned the word 'register' for question 55.",55,,No
income tax,n.,tax on money people earn,People report income and pay taxes to government,所得税,suǒ dé shuì,impuesto sobre la renta,"In civics class, we learned the word 'income tax' for question 56.",56,,No
tax,n.,money paid to government,Citizens and residents pay taxes for public services,税,shuì,impuesto,"In civics class, we learned the word 'tax' for question 56.",56,,No
pay taxes,v. phrase,to give required money to government,A civic responsibility in the United States,纳税,nà shuì,pagar impuestos,"In civics class, we learned the word 'pay taxes' for question 56.",56,,No
jury duty,n.,required service as a juror,Citizens may receive a notice to serve on a jury,陪审义务,péi shěn yì wù,servicio de jurado,"In civics class, we learned the word 'jury duty' for question 55.",55,,No
community,n.,people living in the same area,Civic participation can help the community,社区,shè qū,comunidad,"In civics class, we learned the word 'community' for question 55.",55,,No
participate,v.,to take part,Citizens participate by voting and helping public life,参与,cān yù,participar,"In civics class, we learned the word 'participate' for question 55.",55,,No
volunteer,v./n.,to help without pay,Volunteering is a way to be involved in a community,志愿服务,zhì yuàn fú wù,voluntario,"In civics class, we learned the word 'volunteer' for question 55.",55,,No
informed,adj.,having good information,Citizens should stay informed about issues,知情的,zhī qíng de,informado,"In civics class, we learned the word 'informed' for question 55.",55,,No
issue,n.,an important topic or problem,Voters consider issues in elections,议题,yì tí,asunto,"In civics class, we learned the word 'issue' for question 55.",55,,No
opinion,n.,what someone thinks,Citizens can give elected officials their opinions,意见,yì jiàn,opinión,"In civics class, we learned the word 'opinion' for question 55.",55,,No
elected official,n.,a leader chosen by voters,"Representatives, senators, governors, and presidents are elected officials",民选官员,mín xuǎn guān yuán,funcionario electo,"In civics class, we learned the word 'elected official' for question 55.",55,,No
call,v.,to contact by phone or officially ask someone,Citizens can call elected officials about issues,打电话,dǎ diàn huà,llamar,"In civics class, we learned the word 'call' for question 55.",55,,No
write,v.,to send words in a letter or message,Citizens can write elected officials,写信,xiě xìn,escribir,"In civics class, we learned the word 'write' for question 55.",55,,No
First Amendment,n.,the first change to the Constitution,"Protects religion, speech, press, assembly, and petition",第一修正案,dì yī xiū zhèng àn,Primera Enmienda,"In civics class, we learned the word 'First Amendment' for question 6.",6,,No
Second Amendment,n.,constitutional amendment about arms,Protects the right to keep and bear arms,第二修正案,dì èr xiū zhèng àn,Segunda Enmienda,"In civics class, we learned the word 'Second Amendment' for question 59.",59,,No
Thirteenth Amendment,n.,amendment ending slavery,Abolished slavery in the United States,第十三修正案,dì shí sān xiū zhèng àn,Decimotercera Enmienda,"In civics class, we learned the word 'Thirteenth Amendment' for question 74.",74,,No
Fourteenth Amendment,n.,amendment on citizenship and equal protection,Defines citizenship and protects due process and equality,第十四修正案,dì shí sì xiū zhèng àn,Decimocuarta Enmienda,"In civics class, we learned the word 'Fourteenth Amendment' for question 59.",59,,No
Fifteenth Amendment,n.,amendment on voting rights for men regardless of race,Protected voting rights after the Civil War,第十五修正案,dì shí wǔ xiū zhèng àn,Decimoquinta Enmienda,"In civics class, we learned the word 'Fifteenth Amendment' for question 75.",75,,No
Nineteenth Amendment,n.,amendment giving women voting rights,Prohibits denying the vote because of sex,第十九修正案,dì shí jiǔ xiū zhèng àn,Decimonovena Enmienda,"In civics class, we learned the word 'Nineteenth Amendment' for question 77.",77,,No
colonist,n.,a person living in a colony,People in the American colonies before independence,殖民者,zhí mín zhě,colono,"In civics class, we learned the word 'colonist' for question 61.",61,,No
colony,n.,land controlled by another country,The thirteen British colonies became the United States,殖民地,zhí mín dì,colonia,"In civics class, we learned the word 'colony' for question 62.",62,,No
American Indian,n.,Indigenous person of North America,Original peoples living in America before Europeans arrived,美洲印第安人,měi zhōu yìn dì ān rén,indígena americano,"In civics class, we learned the word 'American Indian' for question 60.",60,,No
Native American,n.,Indigenous person of the United States,Another term for American Indian peoples,美洲原住民,měi zhōu yuán zhù mín,nativo americano,"In civics class, we learned the word 'Native American' for question 60.",60,,No
tribe,n.,a Native nation or people group,Many Native American tribes lived in North America,部落,bù luò,tribu,"In civics class, we learned the word 'tribe' for question 60.",60,,No
settler,n.,a person who moves to live in a new place,Europeans who came to live in the colonies,定居者,dìng jū zhě,colono,"In civics class, we learned the word 'settler' for question 61.",61,,No
colonial,adj.,about colonies,The colonial period came before U.S. independence,殖民时期的,zhí mín shí qī de,colonial,"In civics class, we learned the word 'colonial' for question 61.",61,,No
British,adj./n.,from Great Britain,The colonies were under British rule before independence,英国的,yīng guó de,británico,"In civics class, we learned the word 'British' for question 62.",62,,No
Great Britain,n.,the island/country that ruled the colonies,The country the colonies declared independence from,大不列颠,dà bù liè diān,Gran Bretaña,"In civics class, we learned the word 'Great Britain' for question 8.",8,,No
Europe,n.,a continent,Many settlers came from Europe to America,欧洲,ōu zhōu,Europa,"In civics class, we learned the word 'Europe' for question 61.",61,,No
Pilgrim,n.,English settler seeking religious freedom,Early settlers connected with Plymouth Colony,清教徒移民,qīng jiào tú yí mín,peregrino,"In civics class, we learned the word 'Pilgrim' for question 61.",61,,No
Puritan,n.,English religious settler group,Some colonists came for religious freedom and Puritan beliefs,清教徒,qīng jiào tú,puritano,"In civics class, we learned the word 'Puritan' for question 61.",61,,No
religious freedom,n.,right to practice religion freely,A reason colonists came to America,宗教自由,zōng jiào zì yóu,libertad religiosa,"In civics class, we learned the word 'religious freedom' for question 61.",61,,No
economic opportunity,n.,chance to improve work or money,A reason colonists came to America,经济机会,jīng jì jī huì,oportunidad económica,"In civics class, we learned the word 'economic opportunity' for question 61.",61,,No
slavery,n.,owning people and forcing them to work,An institution that existed before being abolished,奴隶制,nú lì zhì,esclavitud,"In civics class, we learned the word 'slavery' for question 63.",63,,No
slave,n.,a person legally owned and forced to work,Enslaved Africans were brought to America,奴隶,nú lì,esclavo,"In civics class, we learned the word 'slave' for question 63.",63,,No
enslaved,adj.,forced to be a slave,Describes people held in slavery,被奴役的,bèi nú yì de,esclavizado,"In civics class, we learned the word 'enslaved' for question 63.",63,,No
Middle Passage,n.,forced sea journey of enslaved Africans,Part of the transatlantic slave trade,中间航程,zhōng jiān háng chéng,Pasaje Medio,"In civics class, we learned the word 'Middle Passage' for question 63.",63,,No
Declaration,n.,an official statement,The Declaration of Independence announced U.S. separation,宣言,xuān yán,declaración,"In civics class, we learned the word 'Declaration' for question 8.",8,,No
founding,adj.,connected with the beginning,The founding period created U.S. independence and government,建国的,jiàn guó de,fundacional,"In civics class, we learned the word 'founding' for question 64.",64,,No
Founder,n.,a person who helps start a country or organization,Founders helped create the United States,缔造者,dì zào zhě,fundador,"In civics class, we learned the word 'Founder' for question 64.",64,,No
Founding Father,n.,a male leader who helped found the U.S.,"Examples include Washington, Jefferson, and Madison",开国元勋,kāi guó yuán xūn,Padre Fundador,"In civics class, we learned the word 'Founding Father' for question 64.",64,,No
George Washington,n.,first U.S. President and military leader,A Founding Father and leader of the Continental Army,乔治·华盛顿,qiáo zhì huá shèng dùn,George Washington,"In civics class, we learned the word 'George Washington' for question 64.",64,,No
Thomas Jefferson,n.,third U.S. President and writer,Main writer of the Declaration of Independence,托马斯·杰斐逊,tuō mǎ sī jié fěi xùn,Thomas Jefferson,"In civics class, we learned the word 'Thomas Jefferson' for question 64.",64,,No
James Madison,n.,fourth U.S. President,Known as the Father of the Constitution,詹姆斯·麦迪逊,zhān mǔ sī mài dí xùn,James Madison,"In civics class, we learned the word 'James Madison' for question 64.",64,,No
Alexander Hamilton,n.,Founding Father and first Treasury Secretary,Helped write the Federalist Papers and build the financial system,亚历山大·汉密尔顿,yà lì shān dà hàn mì ěr dùn,Alexander Hamilton,"In civics class, we learned the word 'Alexander Hamilton' for question 64.",64,,No
Benjamin Franklin,n.,Founding Father and diplomat,Helped with independence and diplomacy,本杰明·富兰克林,běn jié míng fù lán kè lín,Benjamin Franklin,"In civics class, we learned the word 'Benjamin Franklin' for question 64.",64,,No
John Adams,n.,Founding Father and second President,Helped push for independence and served as President,约翰·亚当斯,yuē hàn yà dāng sī,John Adams,"In civics class, we learned the word 'John Adams' for question 64.",64,,No
Continental Congress,n.,colonial meeting body during the Revolution,Representatives who governed during the independence period,大陆会议,dà lù huì yì,Congreso Continental,"In civics class, we learned the word 'Continental Congress' for question 65.",65,,No
Federalist Papers,n.,essays supporting the Constitution,Writings explaining and defending the Constitution,联邦党人文集,lián bāng dǎng rén wén jí,Artículos Federalistas,"In civics class, we learned the word 'Federalist Papers' for question 67.",67,,No
essay,n.,a short written explanation or argument,The Federalist Papers were essays about the Constitution,文章,wén zhāng,ensayo,"In civics class, we learned the word 'essay' for question 67.",67,,No
ratify,v.,to formally approve,States ratified the Constitution before it took effect,批准,pī zhǔn,ratificar,"In civics class, we learned the word 'ratify' for question 67.",67,,No
Federalist,n./adj.,supporter of strong national government,People who supported ratifying the Constitution,联邦党人,lián bāng dǎng rén,federalista,"In civics class, we learned the word 'Federalist' for question 67.",67,,No
anti-Federalist,n.,person who opposed or worried about the Constitution,They wanted stronger protections for individual rights,反联邦党人,fǎn lián bāng dǎng rén,antifederalista,"In civics class, we learned the word 'anti-Federalist' for question 67.",67,,No
American Revolution,n.,war for independence from Britain,The conflict that created the United States,美国革命,měi guó gé mìng,Revolución Americana,"In civics class, we learned the word 'American Revolution' for question 68.",68,,No
Revolutionary War,n.,war between colonies and Great Britain,The war that won U.S. independence,独立战争,dú lì zhàn zhēng,Guerra Revolucionaria,"In civics class, we learned the word 'Revolutionary War' for question 68.",68,,No
patriot,n.,a person who loves and supports their country,Colonists who supported independence were Patriots,爱国者,ài guó zhě,patriota,"In civics class, we learned the word 'patriot' for question 68.",68,,No
loyalist,n.,colonist loyal to Britain,Colonists who opposed independence and stayed loyal to Britain,效忠派,xiào zhōng pài,lealista,"In civics class, we learned the word 'loyalist' for question 68.",68,,No
independent,adj.,free from another country’s control,The United States became independent from Great Britain,独立的,dú lì de,independiente,"In civics class, we learned the word 'independent' for question 68.",68,,No
war,n.,armed conflict between groups or countries,"The Revolutionary War, Civil War, and world wars appear in civics",战争,zhàn zhēng,guerra,"In civics class, we learned the word 'war' for question 68.",68,,No
Civil War,n.,"U.S. war between North and South, 1861–1865","A war over slavery, states’ rights, and union",内战,nèi zhàn,Guerra Civil,"In civics class, we learned the word 'Civil War' for question 72.",72,,No
Union,n.,the United States as one country,The North fought to preserve the Union in the Civil War,联邦,lián bāng,Unión,"In civics class, we learned the word 'Union' for question 72.",72,,No
Confederacy,n.,southern states that left the U.S.,The seceding states in the Civil War,邦联,bāng lián,Confederación,"In civics class, we learned the word 'Confederacy' for question 72.",72,,No
secede,v.,to leave a country or union,Southern states tried to secede before the Civil War,脱离,tuō lí,separarse,"In civics class, we learned the word 'secede' for question 72.",72,,No
states' rights,n.,powers claimed by states,One issue connected to the Civil War,州权,zhōu quán,derechos de los estados,"In civics class, we learned the word 'states' rights' for question 73.",73,,No
abolish,v.,to officially end,The Thirteenth Amendment abolished slavery,废除,fèi chú,abolir,"In civics class, we learned the word 'abolish' for question 74.",74,,No
emancipation,n.,the act of setting people free,Lincoln’s proclamation moved toward freeing enslaved people,解放,jiě fàng,emancipación,"In civics class, we learned the word 'emancipation' for question 74.",74,,No
Emancipation Proclamation,n.,Lincoln order freeing enslaved people in rebel areas,A Civil War action against slavery,解放黑奴宣言,jiě fàng hēi nú xuān yán,Proclamación de Emancipación,"In civics class, we learned the word 'Emancipation Proclamation' for question 74.",74,,No
Abraham Lincoln,n.,16th U.S. President,Led the United States during the Civil War,亚伯拉罕·林肯,yà bó lā hǎn lín kěn,Abraham Lincoln,"In civics class, we learned the word 'Abraham Lincoln' for question 74.",74,,No
preserve,v.,to keep safe or keep together,Lincoln worked to preserve the Union,维护,wéi hù,preservar,"In civics class, we learned the word 'preserve' for question 74.",74,,No
Reconstruction,n.,period after the Civil War,Time when the U.S. rebuilt and amended the Constitution,重建时期,chóng jiàn shí qī,Reconstrucción,"In civics class, we learned the word 'Reconstruction' for question 75.",75,,No
voting rights,n.,legal rights to vote,Protected by amendments and civil rights laws,投票权,tóu piào quán,derechos de voto,"In civics class, we learned the word 'voting rights' for question 75.",75,,No
women's rights,n.,rights for women equal to men,The movement helped win women’s suffrage,妇女权利,fù nǚ quán lì,derechos de las mujeres,"In civics class, we learned the word 'women's rights' for question 77.",77,,No
suffrage,n.,the right to vote,Women’s suffrage led to the Nineteenth Amendment,选举权,xuǎn jǔ quán,sufragio,"In civics class, we learned the word 'suffrage' for question 77.",77,,No
Susan B. Anthony,n.,leader for women’s voting rights,A key figure in the women’s rights movement,苏珊·安东尼,sū shān ān dōng ní,Susan B. Anthony,"In civics class, we learned the word 'Susan B. Anthony' for question 77.",77,,No
World War I,n.,major global war from 1914 to 1918,A war the United States fought in during the 1900s,第一次世界大战,dì yī cì shì jiè dà zhàn,Primera Guerra Mundial,"In civics class, we learned the word 'World War I' for question 78.",78,,No
World War II,n.,major global war from 1939 to 1945,A war involving the U.S. against Axis powers,第二次世界大战,dì èr cì shì jiè dà zhàn,Segunda Guerra Mundial,"In civics class, we learned the word 'World War II' for question 78.",78,,No
Korean War,n.,"war on the Korean peninsula, 1950–1953",A 1900s war involving the United States,朝鲜战争,cháo xiǎn zhàn zhēng,Guerra de Corea,"In civics class, we learned the word 'Korean War' for question 78.",78,,No
Vietnam War,n.,war in Vietnam involving the U.S.,A 1900s war named in the civics questions,越南战争,yuè nán zhàn zhēng,Guerra de Vietnam,"In civics class, we learned the word 'Vietnam War' for question 78.",78,,No
Gulf War,n.,1990–1991 war after Iraq invaded Kuwait,A recent war involving the United States,海湾战争,hǎi wān zhàn zhēng,Guerra del Golfo,"In civics class, we learned the word 'Gulf War' for question 78.",78,,No
World War,n.,a war involving many countries,World War I and II are major U.S. history topics,世界大战,shì jiè dà zhàn,guerra mundial,"In civics class, we learned the word 'World War' for question 78.",78,,No
Great Depression,n.,severe economic crisis in the 1930s,A major event during the 1900s,大萧条,dà xiāo tiáo,Gran Depresión,"In civics class, we learned the word 'Great Depression' for question 79.",79,,No
New Deal,n.,programs from Franklin Roosevelt’s administration,Government programs responding to the Great Depression,新政,xīn zhèng,Nuevo Trato,"In civics class, we learned the word 'New Deal' for question 79.",79,,No
Franklin Roosevelt,n.,U.S. President during Depression and WWII,Led the country during major 20th-century crises,富兰克林·罗斯福,fù lán kè lín luó sī fú,Franklin Roosevelt,"In civics class, we learned the word 'Franklin Roosevelt' for question 79.",79,,No
Holocaust,n.,Nazi murder of six million Jews and others,A genocide during World War II,大屠杀,dà tú shā,Holocausto,"In civics class, we learned the word 'Holocaust' for question 80.",80,,No
Nazi,n./adj.,related to Hitler’s German party,The Nazi government carried out the Holocaust,纳粹,nà cuì,nazi,"In civics class, we learned the word 'Nazi' for question 80.",80,,No
genocide,n.,planned killing of a people group,The Holocaust is an example of genocide,种族灭绝,zhǒng zú miè jué,genocidio,"In civics class, we learned the word 'genocide' for question 80.",80,,No
Cold War,n.,long conflict without direct U.S.-Soviet war,A period of tension between the U.S. and Soviet Union,冷战,lěng zhàn,Guerra Fría,"In civics class, we learned the word 'Cold War' for question 81.",81,,No
communism,n.,system with government control of property and economy,The U.S. opposed communism during the Cold War,共产主义,gòng chǎn zhǔ yì,comunismo,"In civics class, we learned the word 'communism' for question 81.",81,,No
Soviet Union,n.,former communist country led by Russia,The main U.S. rival during the Cold War,苏联,sū lián,Unión Soviética,"In civics class, we learned the word 'Soviet Union' for question 81.",81,,No
Civil Rights Movement,n.,movement for equal rights for Black Americans,A movement that worked to end segregation and discrimination,民权运动,mín quán yùn dòng,Movimiento por los Derechos Civiles,"In civics class, we learned the word 'Civil Rights Movement' for question 82.",82,,No
civil rights,n.,rights to equal treatment under law,Rights protected by laws and constitutional amendments,民权,mín quán,derechos civiles,"In civics class, we learned the word 'civil rights' for question 82.",82,,No
segregation,n.,forced separation by race,A system challenged by the Civil Rights Movement,种族隔离,zhǒng zú gé lí,segregación,"In civics class, we learned the word 'segregation' for question 82.",82,,No
discrimination,n.,unfair treatment because of identity,Civil rights laws fight discrimination,歧视,qí shì,discriminación,"In civics class, we learned the word 'discrimination' for question 82.",82,,No
Martin Luther King Jr.,n.,civil rights leader,Led nonviolent work for equality and civil rights,马丁·路德·金,mǎ dīng lù dé jīn,Martin Luther King Jr.,"In civics class, we learned the word 'Martin Luther King Jr.' for question 82.",82,,No
nonviolent,adj.,not using violence,A method used by many civil rights activists,非暴力的,fēi bào lì de,no violento,"In civics class, we learned the word 'nonviolent' for question 82.",82,,No
activist,n.,a person working for social or political change,Civil rights activists worked for equal rights,活动家,huó dòng jiā,activista,"In civics class, we learned the word 'activist' for question 82.",82,,No
September 11,n.,terrorist attacks in 2001,A major event when terrorists attacked the United States,九一一事件,jiǔ yī yī shì jiàn,11 de septiembre,"In civics class, we learned the word 'September 11' for question 83.",83,,No
terrorist,n.,person using violence to create fear for political goals,"Terrorists attacked the United States on September 11, 2001",恐怖分子,kǒng bù fèn zǐ,terrorista,"In civics class, we learned the word 'terrorist' for question 83.",83,,No
attack,n./v.,violent action against someone or a place,The September 11 attacks were against the United States,袭击,xí jī,ataque/atacar,"In civics class, we learned the word 'attack' for question 83.",83,,No
national anthem,n.,official song of a country,“The Star-Spangled Banner” is the U.S. national anthem,国歌,guó gē,himno nacional,"In civics class, we learned the word 'national anthem' for question 86.",86,,No
Star-Spangled Banner,n.,the U.S. national anthem,The song written during the War of 1812,星条旗之歌,xīng tiáo qí zhī gē,La bandera estrellada,"In civics class, we learned the word 'Star-Spangled Banner' for question 86.",86,,No
flag,n.,cloth symbol of a country,The U.S. flag has 13 stripes and 50 stars,国旗,guó qí,bandera,"In civics class, we learned the word 'flag' for question 87.",87,,No
stripe,n.,a long narrow band of color,The flag has 13 stripes for the original colonies,条纹,tiáo wén,franja,"In civics class, we learned the word 'stripe' for question 87.",87,,No
star,n.,a pointed symbol; a sun in space,The flag has 50 stars for 50 states,星星,xīng xing,estrella,"In civics class, we learned the word 'star' for question 88.",88,,No
symbol,n.,something that represents an idea,"The flag, eagle, and anthem are U.S. symbols",象征,xiàng zhēng,símbolo,"In civics class, we learned the word 'symbol' for question 86.",86,,No
original,adj.,first or earliest,The 13 stripes represent the original colonies,最初的,zuì chū de,original,"In civics class, we learned the word 'original' for question 87.",87,,No
colony count,n.,number of first British colonies,Thirteen original colonies became the United States,殖民地数量,zhí mín dì shù liàng,número de colonias,"In civics class, we learned the word 'colony count' for question 87.",87,,No
state count,n.,number of states,Fifty stars represent the 50 states,州数,zhōu shù,número de estados,"In civics class, we learned the word 'state count' for question 88.",88,,No
Independence Day,n.,U.S. holiday on July 4,Holiday celebrating the Declaration of Independence,独立日,dú lì rì,Día de la Independencia,"In civics class, we learned the word 'Independence Day' for question 95.",95,,No
national holiday,n.,holiday recognized across the country,Independence Day is a U.S. national holiday,全国性节日,quán guó xìng jié rì,feriado nacional,"In civics class, we learned the word 'national holiday' for question 95.",95,,No
federal holiday,n.,holiday for the national government,"Examples include Thanksgiving, Memorial Day, and Independence Day",联邦假日,lián bāng jià rì,feriado federal,"In civics class, we learned the word 'federal holiday' for question 95.",95,,No
Thanksgiving,n.,U.S. holiday of thanks,A national holiday in November,感恩节,gǎn ēn jié,Día de Acción de Gracias,"In civics class, we learned the word 'Thanksgiving' for question 95.",95,,No
Memorial Day,n.,holiday honoring people who died in military service,A federal holiday in May,阵亡将士纪念日,zhèn wáng jiàng shì jì niàn rì,Día de los Caídos,"In civics class, we learned the word 'Memorial Day' for question 95.",95,,No
Labor Day,n.,holiday honoring workers,A federal holiday in September,劳动节,láo dòng jié,Día del Trabajo,"In civics class, we learned the word 'Labor Day' for question 95.",95,,No
Veterans Day,n.,holiday honoring military veterans,A federal holiday in November,退伍军人节,tuì wǔ jūn rén jié,Día de los Veteranos,"In civics class, we learned the word 'Veterans Day' for question 95.",95,,No
veteran,n.,a person who served in the military,Veterans are honored on Veterans Day,退伍军人,tuì wǔ jūn rén,veterano,"In civics class, we learned the word 'veteran' for question 95.",95,,No
